date,docs_indexed,plaintext_bytes_indexed,avg_mb_per_second,mb_per_second
2017-04-28T01:12:28-07:00,0,0,0.000000,0.000000
2017-04-28T01:12:29-07:00,0,0,0.000000,0.000000
2017-04-28T01:12:30-07:00,1000,1022787,0.510771,1.021325
2017-04-28T01:12:31-07:00,3000,3048832,1.016183,2.030424
2017-04-28T01:12:32-07:00,3000,3048832,0.762144,0.000000
2017-04-28T01:12:33-07:00,4000,4065978,0.813145,1.017169
2017-04-28T01:12:34-07:00,5000,5080124,0.846643,1.014144
2017-04-28T01:12:35-07:00,6000,6100702,0.871489,1.020568
2017-04-28T01:12:36-07:00,7000,7120523,0.890029,1.019820
2017-04-28T01:12:37-07:00,8000,8131173,0.903431,1.010646
2017-04-28T01:12:38-07:00,9000,9149804,0.914954,1.018675
2017-04-28T01:12:39-07:00,10000,10167406,0.924284,1.017587
2017-04-28T01:12:40-07:00,11000,11182239,0.931828,1.014806
2017-04-28T01:12:41-07:00,12000,12199594,0.938405,1.017338
2017-04-28T01:12:42-07:00,12000,12199594,0.871378,0.000000
2017-04-28T01:12:43-07:00,13000,13210416,0.880676,1.010856
2017-04-28T01:12:44-07:00,14000,14218243,0.888621,1.007802
2017-04-28T01:12:45-07:00,15000,15232383,0.895972,1.013523
2017-04-28T01:12:46-07:00,15000,15232383,0.846230,0.000000
2017-04-28T01:12:47-07:00,16000,16235170,0.854467,1.002729
2017-04-28T01:12:48-07:00,17000,17246258,0.862299,1.011104
2017-04-28T01:12:49-07:00,18000,18250833,0.869074,1.004586
2017-04-28T01:12:50-07:00,18000,18250833,0.829571,0.000000
2017-04-28T01:12:51-07:00,19000,19253675,0.837105,1.002857
2017-04-28T01:12:52-07:00,20000,20262967,0.844280,1.009321
2017-04-28T01:12:53-07:00,21000,21274111,0.850955,1.011157
2017-04-28T01:12:54-07:00,21000,21274111,0.818225,0.000000
2017-04-28T01:12:55-07:00,22000,22292285,0.825630,1.018177
2017-04-28T01:12:56-07:00,23000,23315047,0.832671,1.022782
2017-04-28T01:12:57-07:00,24000,24329327,0.838932,1.014227
2017-04-28T01:12:58-07:00,25000,25346473,0.844873,1.017166
2017-04-28T01:12:59-07:00,25000,25346473,0.817618,0.000000
2017-04-28T01:13:00-07:00,26000,26366625,0.823948,1.020188
2017-04-28T01:13:01-07:00,27000,27378185,0.829634,1.011590
2017-04-28T01:13:02-07:00,28000,28392653,0.835072,1.014522
2017-04-28T01:13:03-07:00,28000,28392653,0.811212,0.000000
2017-04-28T01:13:04-07:00,29000,29408390,0.816893,1.015707
2017-04-28T01:13:05-07:00,30000,30419006,0.822129,1.010629
2017-04-28T01:13:06-07:00,30000,30419006,0.800494,0.000000
2017-04-28T01:13:07-07:00,31000,31415095,0.805506,0.995920
2017-04-28T01:13:08-07:00,32000,32420164,0.810498,1.005217
2017-04-28T01:13:09-07:00,32000,32420164,0.790729,0.000000
2017-04-28T01:13:10-07:00,33000,33430060,0.795948,1.009888
2017-04-28T01:13:11-07:00,33000,33430060,0.777436,0.000000
2017-04-28T01:13:12-07:00,34000,34441547,0.782757,1.011536
2017-04-28T01:13:13-07:00,35000,35456989,0.787928,1.015468
2017-04-28T01:13:14-07:00,36000,36464235,0.792696,1.007273
2017-04-28T01:13:15-07:00,36000,36464235,0.775830,0.000000
2017-04-28T01:13:16-07:00,37000,37474099,0.780705,1.009835
2017-04-28T01:13:17-07:00,37000,37474099,0.764772,0.000000
2017-04-28T01:13:18-07:00,38000,38484053,0.769676,1.009964
2017-04-28T01:13:19-07:00,39000,39498320,0.774471,1.014242
2017-04-28T01:13:20-07:00,39000,39498320,0.759578,0.000000
2017-04-28T01:13:21-07:00,40000,40513989,0.764410,1.015653
2017-04-28T01:13:22-07:00,40000,40513989,0.750254,0.000000
2017-04-28T01:13:23-07:00,41000,41528758,0.755064,1.014796
2017-04-28T01:13:24-07:00,42000,42541195,0.759659,1.012401
2017-04-28T01:13:25-07:00,42000,42541195,0.746332,0.000000
2017-04-28T01:13:26-07:00,43000,43551358,0.750881,1.010205
2017-04-28T01:13:27-07:00,44000,44556048,0.755182,1.004622
2017-04-28T01:13:28-07:00,44000,44556048,0.742597,0.000000
2017-04-28T01:13:29-07:00,45000,45580518,0.747217,1.024428
2017-04-28T01:13:30-07:00,46000,46598320,0.751583,1.017888
2017-04-28T01:13:31-07:00,46000,46598320,0.739651,0.000000
2017-04-28T01:13:32-07:00,47000,47614354,0.743971,1.016086
2017-04-28T01:13:33-07:00,47000,47614354,0.732525,0.000000
2017-04-28T01:13:34-07:00,48000,48626994,0.736769,1.012622
2017-04-28T01:13:35-07:00,48000,48626994,0.725771,0.000000
2017-04-28T01:13:36-07:00,49000,49638872,0.729980,1.012033
2017-04-28T01:13:37-07:00,49000,49638872,0.719400,0.000000
2017-04-28T01:13:38-07:00,50000,50651542,0.723590,1.012719
2017-04-28T01:13:39-07:00,51000,51669660,0.727738,1.018113
2017-04-28T01:13:40-07:00,51000,51669660,0.717631,0.000000
2017-04-28T01:13:41-07:00,52000,52685121,0.721710,1.015368
2017-04-28T01:13:42-07:00,53000,53700273,0.725676,1.015230
2017-04-28T01:13:43-07:00,53000,53700273,0.716001,0.000000
2017-04-28T01:13:44-07:00,54000,54709392,0.719857,1.009106
2017-04-28T01:13:45-07:00,54000,54709392,0.710509,0.000000
2017-04-28T01:13:46-07:00,55000,55719182,0.714345,1.009793
2017-04-28T01:13:47-07:00,56000,56731191,0.718113,1.012016
2017-04-28T01:13:48-07:00,56000,56731191,0.709137,0.000000
2017-04-28T01:13:49-07:00,57000,57747920,0.712933,1.016624
2017-04-28T01:13:50-07:00,57000,57747920,0.704240,0.000000
2017-04-28T01:13:51-07:00,58000,58760715,0.707957,1.012748
2017-04-28T01:13:52-07:00,58000,58760715,0.699530,0.000000
2017-04-28T01:13:53-07:00,59000,59777079,0.703257,1.016370
2017-04-28T01:13:54-07:00,60000,60793761,0.706901,1.016624
2017-04-28T01:13:55-07:00,60000,60793761,0.698776,0.000000
2017-04-28T01:13:56-07:00,61000,61805178,0.702329,1.011486
2017-04-28T01:13:57-07:00,61000,61805178,0.694437,0.000000
2017-04-28T01:13:58-07:00,62000,62814906,0.697941,1.009826
2017-04-28T01:13:59-07:00,63000,63829802,0.701424,1.014863
2017-04-28T01:14:00-07:00,63000,63829802,0.693800,0.000000
2017-04-28T01:14:01-07:00,63000,63829802,0.686339,0.000000
2017-04-28T01:14:02-07:00,64000,64845859,0.689847,1.016103
2017-04-28T01:14:03-07:00,65000,65863620,0.693299,1.017801
2017-04-28T01:14:04-07:00,65000,65863620,0.686077,0.000000
2017-04-28T01:14:05-07:00,66000,66879052,0.689472,1.015422
2017-04-28T01:14:06-07:00,66000,66879052,0.682437,0.000000
2017-04-28T01:14:07-07:00,67000,67895973,0.685815,1.016893
2017-04-28T01:14:08-07:00,67000,67895973,0.678958,0.000000
2017-04-28T01:14:09-07:00,68000,68913829,0.682313,1.017772
2017-04-28T01:14:10-07:00,68000,68913829,0.675624,0.000000
2017-04-28T01:14:11-07:00,69000,69928350,0.678914,1.014539
2017-04-28T01:14:12-07:00,69000,69928350,0.672386,0.000000
2017-04-28T01:14:13-07:00,70000,70938362,0.675601,1.010020
2017-04-28T01:14:14-07:00,71000,71957053,0.678838,1.018684
2017-04-28T01:14:15-07:00,71000,71957053,0.672493,0.000000
2017-04-28T01:14:16-07:00,72000,72978282,0.675723,1.021294
2017-04-28T01:14:17-07:00,72000,72978282,0.669523,0.000000
2017-04-28T01:14:18-07:00,73000,73993472,0.672666,1.015251
2017-04-28T01:14:19-07:00,73000,73993472,0.666605,0.000000
2017-04-28T01:14:20-07:00,74000,75005393,0.669689,1.012028
2017-04-28T01:14:21-07:00,74000,75005393,0.663762,0.000000
2017-04-28T01:14:22-07:00,75000,76027125,0.666902,1.021751
2017-04-28T01:14:23-07:00,76000,77043768,0.669944,1.016718
2017-04-28T01:14:24-07:00,76000,77043768,0.664169,0.000000
2017-04-28T01:14:25-07:00,76000,77043768,0.658492,0.000000
2017-04-28T01:14:26-07:00,77000,78058943,0.661515,1.015215
2017-04-28T01:14:27-07:00,77000,78058943,0.655956,0.000000
2017-04-28T01:14:28-07:00,78000,79086658,0.659054,1.027744
2017-04-28T01:14:29-07:00,78000,79086658,0.653607,0.000000
2017-04-28T01:14:30-07:00,79000,80101904,0.656571,1.015310
2017-04-28T01:14:31-07:00,80000,81113427,0.659441,1.008517
2017-04-28T01:14:32-07:00,80000,81113427,0.654139,0.000000
2017-04-28T01:14:33-07:00,81000,82125309,0.657001,1.011896
2017-04-28T01:14:34-07:00,81000,82125309,0.651787,0.000000
2017-04-28T01:14:35-07:00,82000,83137034,0.654620,1.011630
2017-04-28T01:14:36-07:00,82000,83137034,0.649506,0.000000
2017-04-28T01:14:37-07:00,83000,84142708,0.652267,1.005618
2017-04-28T01:14:38-07:00,83000,84142708,0.647250,0.000000
2017-04-28T01:14:39-07:00,83000,84142708,0.642309,0.000000
2017-04-28T01:14:40-07:00,84000,85133367,0.644948,0.990703
2017-04-28T01:14:41-07:00,85000,86142022,0.647683,1.008636
2017-04-28T01:14:42-07:00,85000,86142022,0.642849,0.000000
2017-04-28T01:14:43-07:00,86000,87154347,0.645586,1.012335
2017-04-28T01:14:44-07:00,86000,87154347,0.640839,0.000000
2017-04-28T01:14:45-07:00,87000,88167283,0.643555,1.012943
2017-04-28T01:14:46-07:00,87000,88167283,0.638892,0.000000
2017-04-28T01:14:47-07:00,87000,88167283,0.634295,0.000000
2017-04-28T01:14:48-07:00,88000,89187464,0.637052,1.020218
2017-04-28T01:14:49-07:00,89000,90201545,0.639726,1.014039
2017-04-28T01:14:50-07:00,89000,90201545,0.635221,0.000000
2017-04-28T01:14:51-07:00,90000,91222379,0.637918,1.020885
2017-04-28T01:14:52-07:00,90000,91222379,0.633487,0.000000
2017-04-28T01:14:53-07:00,91000,92232589,0.636085,1.010206
2017-04-28T01:14:54-07:00,91000,92232589,0.631729,0.000000
2017-04-28T01:14:55-07:00,92000,93245265,0.634320,1.012664
2017-04-28T01:14:56-07:00,92000,93245265,0.630034,0.000000
2017-04-28T01:14:57-07:00,93000,94265024,0.632650,1.019716
2017-04-28T01:14:58-07:00,93000,94265024,0.628432,0.000000
2017-04-28T01:14:59-07:00,94000,95274291,0.630954,1.009194
2017-04-28T01:15:00-07:00,94000,95274291,0.626803,0.000000
2017-04-28T01:15:01-07:00,95000,96285688,0.629317,1.011454
2017-04-28T01:15:02-07:00,95000,96285688,0.625230,0.000000
2017-04-28T01:15:03-07:00,96000,97296504,0.627718,1.010845
2017-04-28T01:15:04-07:00,96000,97296504,0.623694,0.000000
2017-04-28T01:15:05-07:00,96000,97296504,0.619722,0.000000
2017-04-28T01:15:06-07:00,97000,98316284,0.622254,1.019829
2017-04-28T01:15:07-07:00,98000,99323751,0.624676,1.007443
2017-04-28T01:15:08-07:00,98000,99323751,0.620772,0.000000
2017-04-28T01:15:09-07:00,99000,100337640,0.623214,1.013886
2017-04-28T01:15:10-07:00,99000,100337640,0.619367,0.000000
2017-04-28T01:15:11-07:00,100000,101347173,0.621760,1.009482
2017-04-28T01:15:12-07:00,100000,101347173,0.617969,0.000000
2017-04-28T01:15:13-07:00,101000,102367255,0.620406,1.020078
2017-04-28T01:15:14-07:00,101000,102367255,0.616669,0.000000
2017-04-28T01:15:15-07:00,102000,103379135,0.619036,1.011918
2017-04-28T01:15:16-07:00,102000,103379135,0.615351,0.000000
2017-04-28T01:15:17-07:00,102000,103379135,0.611710,0.000000
2017-04-28T01:15:18-07:00,102000,103379135,0.608111,0.000000
2017-04-28T01:15:19-07:00,102000,103379135,0.604555,0.000000
2017-04-28T01:15:20-07:00,102000,103379135,0.601040,0.000000
2017-04-28T01:15:21-07:00,102000,103379135,0.597566,0.000000
2017-04-28T01:15:22-07:00,102000,103379135,0.594132,0.000000
2017-04-28T01:15:23-07:00,102000,103379135,0.590737,0.000000
2017-04-28T01:15:24-07:00,102000,103379135,0.587380,0.000000
2017-04-28T01:15:25-07:00,102000,103379135,0.584062,0.000000
2017-04-28T01:15:26-07:00,102000,103379135,0.580781,0.000000
2017-04-28T01:15:27-07:00,103000,104394972,0.583211,1.015828
2017-04-28T01:15:28-07:00,104000,105405630,0.585586,1.010674
2017-04-28T01:15:29-07:00,105000,106424956,0.587982,1.019299
2017-04-28T01:15:30-07:00,106000,107432509,0.590287,1.007580
2017-04-28T01:15:31-07:00,106000,107432509,0.587062,0.000000
2017-04-28T01:15:32-07:00,107000,108448020,0.589390,1.015522
2017-04-28T01:15:33-07:00,107000,108448020,0.586205,0.000000
2017-04-28T01:15:34-07:00,108000,109462877,0.588509,1.014881
2017-04-28T01:15:35-07:00,109000,110477798,0.590789,1.014861
2017-04-28T01:15:36-07:00,109000,110477798,0.587647,0.000000
2017-04-28T01:15:37-07:00,110000,111497124,0.589931,1.019325
2017-04-28T01:15:38-07:00,111000,112504192,0.592126,1.007062
2017-04-28T01:15:39-07:00,111000,112504192,0.589026,0.000000
2017-04-28T01:15:40-07:00,111000,112504192,0.585958,0.000000
2017-04-28T01:15:41-07:00,112000,113523681,0.588205,1.019474
2017-04-28T01:15:42-07:00,112000,113523681,0.585173,0.000000
2017-04-28T01:15:43-07:00,113000,114538386,0.587375,1.014702
2017-04-28T01:15:44-07:00,113000,114538386,0.584379,0.000000
2017-04-28T01:15:45-07:00,114000,115554761,0.586571,1.016345
2017-04-28T01:15:46-07:00,114000,115554761,0.583609,0.000000
2017-04-28T01:15:47-07:00,115000,116576166,0.585809,1.021359
2017-04-28T01:15:48-07:00,115000,116576166,0.582880,0.000000
2017-04-28T01:15:49-07:00,116000,117586319,0.585005,1.010099
2017-04-28T01:15:50-07:00,116000,117586319,0.582110,0.000000
2017-04-28T01:15:51-07:00,117000,118598069,0.584226,1.011758
2017-04-28T01:15:52-07:00,117000,118598069,0.581362,0.000000
2017-04-28T01:15:53-07:00,118000,119617244,0.583498,1.019180
2017-04-28T01:15:54-07:00,119000,120621436,0.585540,1.004239
2017-04-28T01:15:55-07:00,119000,120621436,0.582711,0.000000
2017-04-28T01:15:56-07:00,119000,120621436,0.579910,0.000000
2017-04-28T01:15:57-07:00,120000,121633453,0.581977,1.012019
2017-04-28T01:15:58-07:00,120000,121633453,0.579206,0.000000
2017-04-28T01:15:59-07:00,121000,122644201,0.581251,1.010750
2017-04-28T01:16:00-07:00,121000,122644201,0.578510,0.000000
2017-04-28T01:16:01-07:00,122000,123661672,0.580560,1.013655
2017-04-28T01:16:02-07:00,122000,123661672,0.577857,0.000000
2017-04-28T01:16:03-07:00,123000,124681470,0.579913,1.019806
2017-04-28T01:16:04-07:00,123000,124681470,0.577228,0.000000
2017-04-28T01:16:05-07:00,124000,125691992,0.579225,1.010521
2017-04-28T01:16:06-07:00,124000,125691992,0.576568,0.000000
2017-04-28T01:16:07-07:00,124000,125691992,0.573935,0.000000
2017-04-28T01:16:08-07:00,125000,126701730,0.575916,1.009761
2017-04-28T01:16:09-07:00,125000,126701730,0.573310,0.000000
2017-04-28T01:16:10-07:00,126000,127716267,0.575298,1.014603
2017-04-28T01:16:11-07:00,126000,127716267,0.572718,0.000000
2017-04-28T01:16:12-07:00,126000,127716267,0.570161,0.000000
2017-04-28T01:16:13-07:00,127000,128733619,0.572149,1.017350
2017-04-28T01:16:14-07:00,127000,128733619,0.569617,0.000000
2017-04-28T01:16:15-07:00,127000,128733619,0.567108,0.000000
2017-04-28T01:16:16-07:00,127000,128733619,0.564620,0.000000
2017-04-28T01:16:17-07:00,127000,128733619,0.562155,0.000000
2017-04-28T01:16:18-07:00,127000,128733619,0.559711,0.000000
2017-04-28T01:16:19-07:00,127000,128733619,0.557288,0.000000
2017-04-28T01:16:20-07:00,127000,128733619,0.554886,0.000000
2017-04-28T01:16:21-07:00,127000,128733619,0.552504,0.000000
2017-04-28T01:16:22-07:00,127000,128733619,0.550143,0.000000
2017-04-28T01:16:23-07:00,127000,128733619,0.547802,0.000000
2017-04-28T01:16:24-07:00,127000,128733619,0.545481,0.000000
2017-04-28T01:16:25-07:00,127000,128733619,0.543179,0.000000
2017-04-28T01:16:26-07:00,127000,128733619,0.540897,0.000000
2017-04-28T01:16:27-07:00,127000,128733619,0.538634,0.000000
2017-04-28T01:16:28-07:00,127000,128733619,0.536389,0.000000
2017-04-28T01:16:29-07:00,127000,128733619,0.534164,0.000000
2017-04-28T01:16:30-07:00,127000,128733619,0.531956,0.000000
2017-04-28T01:16:31-07:00,127000,128733619,0.529767,0.000000
2017-04-28T01:16:32-07:00,128000,129752318,0.531771,1.018745
2017-04-28T01:16:33-07:00,129000,130770641,0.533757,1.018317
2017-04-28T01:16:34-07:00,129000,130770641,0.531587,0.000000
2017-04-28T01:16:35-07:00,130000,131789774,0.533561,1.019109
2017-04-28T01:16:36-07:00,131000,132805297,0.535505,1.015631
2017-04-28T01:16:37-07:00,131000,132805297,0.533354,0.000000
2017-04-28T01:16:38-07:00,132000,133817945,0.535271,1.012663
2017-04-28T01:16:39-07:00,132000,133817945,0.533138,0.000000
2017-04-28T01:16:40-07:00,133000,134834512,0.535057,1.016637
2017-04-28T01:16:41-07:00,133000,134834512,0.532942,0.000000
2017-04-28T01:16:42-07:00,134000,135850764,0.534845,1.016270
2017-04-28T01:16:43-07:00,134000,135850764,0.532748,0.000000
2017-04-28T01:16:44-07:00,135000,136869906,0.534648,1.019146
2017-04-28T01:16:45-07:00,135000,136869906,0.532567,0.000000
2017-04-28T01:16:46-07:00,136000,137881273,0.534423,1.011362
2017-04-28T01:16:47-07:00,136000,137881273,0.532359,0.000000
2017-04-28T01:16:48-07:00,137000,138898390,0.534224,1.017106
2017-04-28T01:16:49-07:00,137000,138898390,0.532177,0.000000
2017-04-28T01:16:50-07:00,138000,139910864,0.534010,1.012526
2017-04-28T01:16:51-07:00,138000,139910864,0.531980,0.000000
2017-04-28T01:16:52-07:00,139000,140928818,0.533821,1.017978
2017-04-28T01:16:53-07:00,139000,140928818,0.531806,0.000000
2017-04-28T01:16:54-07:00,140000,141947256,0.533636,1.018428
2017-04-28T01:16:55-07:00,141000,142933900,0.535332,0.986663
2017-04-28T01:16:56-07:00,141000,142933900,0.533335,0.000000
2017-04-28T01:16:57-07:00,142000,143945090,0.535111,1.011198
2017-04-28T01:16:58-07:00,142000,143945090,0.533129,0.000000
2017-04-28T01:16:59-07:00,142000,143945090,0.531162,0.000000
2017-04-28T01:17:00-07:00,143000,144965676,0.532961,1.020614
2017-04-28T01:17:01-07:00,143000,144965676,0.531009,0.000000
2017-04-28T01:17:02-07:00,144000,145984918,0.532791,1.019264
2017-04-28T01:17:03-07:00,144000,145984918,0.530854,0.000000
2017-04-28T01:17:04-07:00,145000,146999645,0.532607,1.014699
2017-04-28T01:17:05-07:00,145000,146999645,0.530684,0.000000
2017-04-28T01:17:06-07:00,145000,146999645,0.528775,0.000000
2017-04-28T01:17:07-07:00,145000,146999645,0.526880,0.000000
2017-04-28T01:17:08-07:00,145000,146999645,0.524998,0.000000
2017-04-28T01:17:09-07:00,145000,146999645,0.523130,0.000000
2017-04-28T01:17:10-07:00,145000,146999645,0.521275,0.000000
2017-04-28T01:17:11-07:00,145000,146999645,0.519433,0.000000
2017-04-28T01:17:12-07:00,145000,146999645,0.517604,0.000000
2017-04-28T01:17:13-07:00,145000,146999645,0.515788,0.000000
2017-04-28T01:17:14-07:00,145000,146999645,0.513984,0.000000
2017-04-28T01:17:15-07:00,145000,146999645,0.512193,0.000000
2017-04-28T01:17:16-07:00,145000,146999645,0.510415,0.000000
2017-04-28T01:17:17-07:00,145000,146999645,0.508649,0.000000
2017-04-28T01:17:18-07:00,145000,146999645,0.506895,0.000000
2017-04-28T01:17:19-07:00,145000,146999645,0.505153,0.000000
2017-04-28T01:17:20-07:00,145000,146999645,0.503423,0.000000
2017-04-28T01:17:21-07:00,145000,146999645,0.501705,0.000000
2017-04-28T01:17:22-07:00,145000,146999645,0.499998,0.000000
2017-04-28T01:17:23-07:00,145000,146999645,0.498303,0.000000
2017-04-28T01:17:24-07:00,146000,148013691,0.500046,1.014037
2017-04-28T01:17:25-07:00,147000,149025570,0.501769,1.011871
2017-04-28T01:17:26-07:00,148000,150045130,0.503507,1.019558
2017-04-28T01:17:27-07:00,148000,150045130,0.501823,0.000000
2017-04-28T01:17:28-07:00,149000,151058096,0.503526,1.012960
2017-04-28T01:17:29-07:00,150000,152070371,0.505217,1.012271
2017-04-28T01:17:30-07:00,150000,152070371,0.503544,0.000000
2017-04-28T01:17:31-07:00,150000,152070371,0.501882,0.000000
2017-04-28T01:17:32-07:00,151000,153084085,0.503566,1.013732
2017-04-28T01:17:33-07:00,152000,154106924,0.505268,1.022893
2017-04-28T01:17:34-07:00,152000,154106924,0.503617,0.000000
2017-04-28T01:17:35-07:00,153000,155117132,0.505267,1.010181
2017-04-28T01:17:36-07:00,153000,155117132,0.503627,0.000000
2017-04-28T01:17:37-07:00,154000,156138110,0.505301,1.020965
2017-04-28T01:17:38-07:00,154000,156138110,0.503671,0.000000
2017-04-28T01:17:39-07:00,154000,156138110,0.502051,0.000000
2017-04-28T01:17:40-07:00,155000,157156396,0.503706,1.018292
2017-04-28T01:17:41-07:00,155000,157156396,0.502096,0.000000
2017-04-28T01:17:42-07:00,156000,158165242,0.503710,1.008914
2017-04-28T01:17:43-07:00,156000,158165242,0.502111,0.000000
2017-04-28T01:17:44-07:00,157000,159179807,0.503733,1.014582
2017-04-28T01:17:45-07:00,157000,159179807,0.502144,0.000000
2017-04-28T01:17:46-07:00,158000,160200101,0.503773,1.020279
2017-04-28T01:17:47-07:00,158000,160200101,0.502194,0.000000
2017-04-28T01:17:48-07:00,159000,161224782,0.503827,1.024636
2017-04-28T01:17:49-07:00,159000,161224782,0.502257,0.000000
2017-04-28T01:17:50-07:00,160000,162247131,0.503873,1.022391
2017-04-28T01:17:51-07:00,160000,162247131,0.502313,0.000000
2017-04-28T01:17:52-07:00,160000,162247131,0.500762,0.000000
2017-04-28T01:17:53-07:00,161000,163264027,0.502350,1.016917
2017-04-28T01:17:54-07:00,161000,163264027,0.500809,0.000000
2017-04-28T01:17:55-07:00,161000,163264027,0.499278,0.000000
2017-04-28T01:17:56-07:00,162000,164289137,0.500881,1.025142
2017-04-28T01:17:57-07:00,162000,164289137,0.499359,0.000000
2017-04-28T01:17:58-07:00,163000,165303337,0.500919,1.014254
2017-04-28T01:17:59-07:00,163000,165303337,0.499405,0.000000
2017-04-28T01:18:00-07:00,164000,166322092,0.500970,1.018724
2017-04-28T01:18:01-07:00,164000,166322092,0.499465,0.000000
2017-04-28T01:18:02-07:00,165000,167327736,0.500981,1.005674
2017-04-28T01:18:03-07:00,165000,167327736,0.499485,0.000000
2017-04-28T01:18:04-07:00,166000,168340776,0.501014,1.013027
2017-04-28T01:18:05-07:00,166000,168340776,0.499527,0.000000
2017-04-28T01:18:06-07:00,166000,168340776,0.498049,0.000000
2017-04-28T01:18:07-07:00,167000,169357941,0.499580,1.017164
2017-04-28T01:18:08-07:00,167000,169357941,0.498111,0.000000
2017-04-28T01:18:09-07:00,168000,170372934,0.499627,1.014986
2017-04-28T01:18:10-07:00,168000,170372934,0.498166,0.000000
2017-04-28T01:18:11-07:00,169000,171379789,0.499649,1.006819
2017-04-28T01:18:12-07:00,169000,171379789,0.498197,0.000000
2017-04-28T01:18:13-07:00,170000,172395905,0.499698,1.016094
2017-04-28T01:18:14-07:00,170000,172395905,0.498254,0.000000
2017-04-28T01:18:15-07:00,170000,172395905,0.496818,0.000000
2017-04-28T01:18:16-07:00,171000,173407840,0.498298,1.011938
2017-04-28T01:18:17-07:00,171000,173407840,0.496870,0.000000
2017-04-28T01:18:18-07:00,172000,174417615,0.498336,1.009782
2017-04-28T01:18:19-07:00,172000,174417615,0.496916,0.000000
2017-04-28T01:18:20-07:00,173000,175426418,0.498370,1.008819
2017-04-28T01:18:21-07:00,173000,175426418,0.496958,0.000000
2017-04-28T01:18:22-07:00,173000,175426418,0.495554,0.000000
2017-04-28T01:18:23-07:00,174000,176436815,0.497005,1.010400
2017-04-28T01:18:24-07:00,174000,176436815,0.495609,0.000000
2017-04-28T01:18:25-07:00,175000,177451841,0.497064,1.015033
2017-04-28T01:18:26-07:00,175000,177451841,0.495675,0.000000
2017-04-28T01:18:27-07:00,176000,178458012,0.497097,1.006150
2017-04-28T01:18:28-07:00,176000,178458012,0.495716,0.000000
2017-04-28T01:18:29-07:00,176000,178458012,0.494343,0.000000
2017-04-28T01:18:30-07:00,177000,179470811,0.495775,1.012823
2017-04-28T01:18:31-07:00,177000,179470811,0.494410,0.000000
2017-04-28T01:18:32-07:00,178000,180483450,0.495833,1.012615
2017-04-28T01:18:33-07:00,178000,180483450,0.494475,0.000000
2017-04-28T01:18:34-07:00,179000,181494267,0.495886,1.010829
2017-04-28T01:18:35-07:00,179000,181494267,0.494534,0.000000
2017-04-28T01:18:36-07:00,179000,181494267,0.493191,0.000000
2017-04-28T01:18:37-07:00,179000,181494267,0.491854,0.000000
2017-04-28T01:18:38-07:00,179000,181494267,0.490525,0.000000
2017-04-28T01:18:39-07:00,179000,181494267,0.489202,0.000000
2017-04-28T01:18:40-07:00,179000,181494267,0.487887,0.000000
2017-04-28T01:18:41-07:00,179000,181494267,0.486579,0.000000
2017-04-28T01:18:42-07:00,179000,181494267,0.485278,0.000000
2017-04-28T01:18:43-07:00,179000,181494267,0.483984,0.000000
2017-04-28T01:18:44-07:00,179000,181494267,0.482697,0.000000
2017-04-28T01:18:45-07:00,179000,181494267,0.481417,0.000000
2017-04-28T01:18:46-07:00,179000,181494267,0.480143,0.000000
2017-04-28T01:18:47-07:00,179000,181494267,0.478876,0.000000
2017-04-28T01:18:48-07:00,179000,181494267,0.477616,0.000000
2017-04-28T01:18:49-07:00,179000,181494267,0.476362,0.000000
2017-04-28T01:18:50-07:00,179000,181494267,0.475116,0.000000
2017-04-28T01:18:51-07:00,179000,181494267,0.473875,0.000000
2017-04-28T01:18:52-07:00,179000,181494267,0.472641,0.000000
2017-04-28T01:18:53-07:00,179000,181494267,0.471413,0.000000
2017-04-28T01:18:54-07:00,180000,182509721,0.472823,1.015443
2017-04-28T01:18:55-07:00,181000,183536643,0.474255,1.026945
2017-04-28T01:18:56-07:00,182000,184552836,0.475651,1.016217
2017-04-28T01:18:57-07:00,182000,184552836,0.474428,0.000000
2017-04-28T01:18:58-07:00,183000,185572664,0.475827,1.019850
2017-04-28T01:18:59-07:00,183000,185572664,0.474610,0.000000
2017-04-28T01:19:00-07:00,184000,186591541,0.475998,1.018905
2017-04-28T01:19:01-07:00,184000,186591541,0.474787,0.000000
2017-04-28T01:19:02-07:00,185000,187603988,0.476152,1.012476
2017-04-28T01:19:03-07:00,186000,188622410,0.477525,1.018472
2017-04-28T01:19:04-07:00,186000,188622410,0.476319,0.000000
2017-04-28T01:19:05-07:00,186000,188622410,0.475119,0.000000
2017-04-28T01:19:06-07:00,187000,189639170,0.476480,1.016755
2017-04-28T01:19:07-07:00,187000,189639170,0.475286,0.000000
2017-04-28T01:19:08-07:00,188000,190655568,0.476639,1.016397
2017-04-28T01:19:09-07:00,188000,190655568,0.475450,0.000000
2017-04-28T01:19:10-07:00,189000,191675588,0.476805,1.020024
2017-04-28T01:19:11-07:00,189000,191675588,0.475621,0.000000
2017-04-28T01:19:12-07:00,190000,192696744,0.476972,1.021140
2017-04-28T01:19:13-07:00,190000,192696744,0.475794,0.000000
2017-04-28T01:19:14-07:00,191000,193716448,0.477134,1.019686
2017-04-28T01:19:15-07:00,191000,193716448,0.475961,0.000000
2017-04-28T01:19:16-07:00,192000,194732853,0.477286,1.016411
2017-04-28T01:19:17-07:00,192000,194732853,0.476119,0.000000
2017-04-28T01:19:18-07:00,193000,195747012,0.477431,1.014222
2017-04-28T01:19:19-07:00,193000,195747012,0.476270,0.000000
2017-04-28T01:19:20-07:00,194000,196757231,0.477566,1.010258
2017-04-28T01:19:21-07:00,194000,196757231,0.476409,0.000000
2017-04-28T01:19:22-07:00,194000,196757231,0.475259,0.000000
2017-04-28T01:19:23-07:00,195000,197776181,0.476569,1.018983
2017-04-28T01:19:24-07:00,195000,197776181,0.475423,0.000000
2017-04-28T01:19:25-07:00,196000,198789485,0.476713,1.013301
2017-04-28T01:19:26-07:00,196000,198789485,0.475573,0.000000
2017-04-28T01:19:27-07:00,197000,199804108,0.476859,1.014610
2017-04-28T01:19:28-07:00,197000,199804108,0.475724,0.000000
2017-04-28T01:19:29-07:00,198000,200819774,0.477006,1.015622
2017-04-28T01:19:30-07:00,198000,200819774,0.475876,0.000000
2017-04-28T01:19:31-07:00,198000,200819774,0.474751,0.000000
2017-04-28T01:19:32-07:00,199000,201832676,0.476020,1.012917
2017-04-28T01:19:33-07:00,199000,201832676,0.474900,0.000000
2017-04-28T01:19:34-07:00,200000,202846298,0.476373,1.245972
